,mean,variance,skewness,kurtosis
id,460.5,70610.0,0.0,-1.2000028355421026
age,53.51086956521739,88.82469129961679,-0.19567416156265732,-0.387366500445804
trestbps,131.99565217391304,340.4504707385154,0.2420213117451642,3.3379021171928764
chol,199.90869565217392,11889.758792638499,-0.6427140155443964,0.16675238345742383
thalch,137.69239130434784,632.282858258031,-0.23463404820789707,-0.3214883708190994
oldpeak,0.8532608695652174,1.1194670483039222,1.1328516981202625,1.4469230637946255
num,0.9956521739130435,1.3057482140322654,0.9672996366951587,-0.11027372897801335
